[
  {
    "uai": "9730114L",
    "secteur": "SECTEUR PUBLIC",
    "type": "Élémentaire publique",
    "nom": "LEOPOLD HEDER",
    "siret": "21973302900462",
    "etat": "ETABLISSEMENT OUVERT",
    "dateOuverture": "21/10/1974",
    "commune": "Cayenne",
    "civilite": "Mme",
    "directeur": "Katia SAID",
    "adresse": "ALLEE LAVALIERE RUE AUGUSTE BOUD",
    "telephone": "0594310954",
    "email": "ce.9730114L@ac-guyane.fr",
    "college": "COLLEGE PAUL KAPEL",
    "ville": ""
  },
  {
    "uai": "9730117P",
    "secteur": "SECTEUR PUBLIC",
    "type": "Maternelle publique",
    "nom": "LEOPOLD HEDER",
    "siret": "21973302900454",
    "etat": "ETABLISSEMENT OUVERT",
    "dateOuverture": "20/02/1976",
    "commune": "Cayenne",
    "civilite": "Mme",
    "directeur": "Travise TRACEY-LECANTE",
    "adresse": "RUE AUGUSTE BOUDINOT",
    "telephone": "0594302317",
    "email": "ce.9730117P@ac-guyane.fr",
    "college": "COLLEGE PAUL KAPEL",
    "ville": ""
  },
  {
    "uai": "9730128B",
    "secteur": "SECTEUR PUBLIC",
    "type": "Élémentaire publique",
    "nom": "ELIETTE DANGLADES",
    "siret": "21973302900389",
    "etat": "ETABLISSEMENT OUVERT",
    "dateOuverture": "01/10/1978",
    "commune": "Cayenne",
    "civilite": "M.",
    "directeur": "Laurent LECANTE",
    "adresse": "RUE BOUGAINVILLIERS",
    "telephone": "0594382192",
    "email": "ce.9730128B@ac-guyane.fr",
    "college": "COLLEGE PAUL KAPEL",
    "ville": ""
  },
  {
    "uai": "9730129C",
    "secteur": "SECTEUR PUBLIC",
    "type": "Maternelle publique",
    "nom": "ELIETTE DANGLADES",
    "siret": "21973302900405",
    "etat": "ETABLISSEMENT OUVERT",
    "dateOuverture": "01/10/1978",
    "commune": "Cayenne",
    "civilite": "Mme",
    "directeur": "Line MILZINK-SEWGOBIND",
    "adresse": "RUE BOUGAINVILLIERS",
    "telephone": "0594315990",
    "email": "ce.9730129C@ac-guyane.fr",
    "college": "COLLEGE PAUL KAPEL",
    "ville": ""
  },
  {
    "uai": "9730189T",
    "secteur": "SECTEUR PUBLIC",
    "type": "Maternelle publique",
    "nom": "GAETAN HERMINE",
    "siret": "21973302900165",
    "etat": "ETABLISSEMENT OUVERT",
    "dateOuverture": "12/09/1988",
    "commune": "Cayenne",
    "civilite": "M.",
    "directeur": "PATRICK AGOT",
    "adresse": "RUE BARTHELEMY - RONJON",
    "telephone": "0594310373",
    "email": "ce.9730189T@ac-guyane.fr",
    "college": "COLLEGE PAUL KAPEL",
    "ville": ""
  },
  {
    "uai": "9730209P",
    "secteur": "SECTEUR PUBLIC",
    "type": "Maternelle publique",
    "nom": "MONT-LUCAS",
    "siret": "21973302900637",
    "etat": "ETABLISSEMENT OUVERT",
    "dateOuverture": "01/09/1990",
    "commune": "Cayenne",
    "civilite": "Mme",
    "directeur": "Maryse CHARLES",
    "adresse": "409 CHEMIN I.M.E.D ROUTE DE BADU",
    "telephone": "0594303505",
    "email": "ce.9730209P@ac-guyane.fr",
    "college": "COLLEGE JUSTIN CATAYEE",
    "ville": ""
  },
  {
    "uai": "9730211S",
    "secteur": "SECTEUR PUBLIC",
    "type": "Élémentaire publique",
    "nom": "MONT-LUCAS",
    "siret": "21973302900645",
    "etat": "ETABLISSEMENT OUVERT",
    "dateOuverture": "01/09/1990",
    "commune": "Cayenne",
    "civilite": "Mme",
    "directeur": "Sonia FERDINAND",
    "adresse": "409 CHEMIN DE L'IMED RTE BADUEL",
    "telephone": "0594303503",
    "email": "ce.9730211S@ac-guyane.fr",
    "college": "COLLEGE JUSTIN CATAYEE",
    "ville": ""
  },
  {
    "uai": "9730326S",
    "secteur": "SECTEUR PUBLIC",
    "type": "Maternelle publique",
    "nom": "LEODATE VOLMAR",
    "siret": "21973302900710",
    "etat": "ETABLISSEMENT OUVERT",
    "dateOuverture": "08/01/2001",
    "commune": "Cayenne",
    "civilite": "Mme",
    "directeur": "Hadély PARFAIT",
    "adresse": "CITE CESAIRE",
    "telephone": "0594300397",
    "email": "ce.9730326S@ac-guyane.fr",
    "college": "COLLEGE PAUL KAPEL",
    "ville": ""
  },
  {
    "uai": "9730399W",
    "secteur": "SECTEUR PUBLIC",
    "type": "Élémentaire publique",
    "nom": "VENDOME",
    "siret": "21973302900736",
    "etat": "ETABLISSEMENT OUVERT",
    "dateOuverture": "01/09/2008",
    "commune": "Cayenne",
    "civilite": "M.",
    "directeur": "Didier MADELEINE",
    "adresse": "RESIDENCE NOVAPARC",
    "telephone": "0594251077",
    "email": "ce.9730399W@ac-guyane.fr",
    "college": "COLLEGE JUSTIN CATAYEE",
    "ville": ""
  },
  {
    "uai": "9730417R",
    "secteur": "SECTEUR PUBLIC",
    "type": "Maternelle publique",
    "nom": "VENDOME",
    "siret": "21973302900728",
    "etat": "ETABLISSEMENT OUVERT",
    "dateOuverture": "01/09/2008",
    "commune": "Cayenne",
    "civilite": "Mme",
    "directeur": "KETY WAYA",
    "adresse": "RESIDENCE NOVAPARC",
    "telephone": "0594252252",
    "email": "ce.9730417R@ac-guyane.fr",
    "college": "COLLEGE JUSTIN CATAYEE",
    "ville": ""
  },
  {
    "uai": "9730043J",
    "secteur": "SECTEUR PUBLIC",
    "type": "Primaire publique",
    "nom": "AUGUSTINE DUCHANGE",
    "siret": "21973310200038",
    "etat": "ETABLISSEMENT OUVERT",
    "dateOuverture": "08/06/1967",
    "commune": "Roura",
    "civilite": "M.",
    "directeur": "Ariès OTHILY",
    "adresse": "BOURG DE ROURA",
    "telephone": "0594370521",
    "email": "ce.9730043J@ac-guyane.fr",
    "college": "COLLEGE CONCORDE - MAURICE DUMESNIL",
    "ville": ""
  },
  {
    "uai": "9730227J",
    "secteur": "SECTEUR PUBLIC",
    "type": "Primaire publique",
    "nom": "DE CACAO",
    "siret": "21973310200046",
    "etat": "ETABLISSEMENT OUVERT",
    "dateOuverture": "01/09/1991",
    "commune": "Roura",
    "civilite": "Mme",
    "directeur": "Véronique RABINAUD",
    "adresse": "BOURG DE CACAO",
    "telephone": "0594270993",
    "email": "ce.9730227J@ac-guyane.fr",
    "college": "COLLEGE CONCORDE - MAURICE DUMESNIL",
    "ville": ""
  },
  {
    "uai": "9730042H",
    "secteur": "SECTEUR PUBLIC",
    "type": "Élémentaire publique",
    "nom": "GAETAN HERMINE",
    "siret": "21973302900371",
    "etat": "ETABLISSEMENT OUVERT",
    "dateOuverture": "08/06/1967",
    "commune": "Cayenne",
    "civilite": "Mme",
    "directeur": "Marie-Agnès WILLIAM",
    "adresse": "RUE RENE BARTHELEMY - RONJON",
    "telephone": "0594312851",
    "email": "ce.9730042H@ac-guyane.fr",
    "college": "COLLEGE PAUL KAPEL",
    "ville": ""
  },
  {
    "uai": "9730104A",
    "secteur": "SECTEUR PUBLIC",
    "type": "Élémentaire publique",
    "nom": "MAXIMILIEN SABA",
    "siret": "21973302900470",
    "etat": "ETABLISSEMENT OUVERT",
    "dateOuverture": "30/10/1972",
    "commune": "Cayenne",
    "civilite": "Mme",
    "directeur": "Sarah PORTUT",
    "adresse": "2 CITE BRUTUS",
    "telephone": "0594313103",
    "email": "ce.9730104A@ac-guyane.fr",
    "college": "COLLEGE PAUL KAPEL",
    "ville": ""
  },
  {
    "uai": "9730203H",
    "secteur": "SECTEUR PUBLIC",
    "type": "Maternelle publique",
    "nom": "LA ROSERAIE",
    "siret": "21973302900629",
    "etat": "ETABLISSEMENT OUVERT",
    "dateOuverture": "01/09/1989",
    "commune": "Cayenne",
    "civilite": "Mme",
    "directeur": "Sylvie DELTOY",
    "adresse": "LOTISSEMENT DE LA MADELEINE",
    "telephone": "0594314446",
    "email": "ce.9730203H@ac-guyane.fr",
    "college": "COLLEGE PAUL KAPEL",
    "ville": ""
  },
  {
    "uai": "9730200E",
    "secteur": "SECTEUR PUBLIC",
    "type": "Primaire publique",
    "nom": "MORTIN",
    "siret": "21973302900702",
    "etat": "ETABLISSEMENT OUVERT",
    "dateOuverture": "01/09/1989",
    "commune": "Cayenne",
    "civilite": "Mme",
    "directeur": "Béatrice JEAN-LOUIS",
    "adresse": "ROUTE DE LA MADELEINE",
    "telephone": "0594301385",
    "email": "ce.9730200E@ac-guyane.fr",
    "college": "COLLEGE PAUL KAPEL",
    "ville": ""
  }
]