[
  {
    "uai": "9730200E",
    "nom": "E.P.PU MORTIN",
    "commune": "CAYENNE",
    "type": "E.P.PU"
  },
  {
    "uai": "9730129C",
    "nom": "E.M.PU ELIETTE DANGLADES",
    "commune": "CAYENNE",
    "type": "E.M.PU"
  },
  {
    "uai": "9730117P",
    "nom": "E.M.PU LEOPOLD HEDER",
    "commune": "CAYENNE",
    "type": "E.M.PU"
  },
  {
    "uai": "9730399W",
    "nom": "E.E.PU VENDOME",
    "commune": "CAYENNE",
    "type": "E.E.PU"
  },
  {
    "uai": "9730128B",
    "nom": "E.E.PU ELIETTE DANGLADES",
    "commune": "CAYENNE",
    "type": "E.E.PU"
  },
  {
    "uai": "9730209P",
    "nom": "E.M.PU MONT-LUCAS",
    "commune": "CAYENNE",
    "type": "E.M.PU"
  },
  {
    "uai": "9730114L",
    "nom": "E.E.PU LEOPOLD HEDER",
    "commune": "CAYENNE",
    "type": "E.E.PU"
  },
  {
    "uai": "9730203H",
    "nom": "E.M.PU LA ROSERAIE",
    "commune": "CAYENNE",
    "type": "E.M.PU"
  },
  {
    "uai": "9730326S",
    "nom": "E.M.PU LEODATE VOLMAR",
    "commune": "CAYENNE",
    "type": "E.M.PU"
  },
  {
    "uai": "9730104A",
    "nom": "E.E.PU MAXIMILIEN SABA",
    "commune": "CAYENNE",
    "type": "E.E.PU"
  },
  {
    "uai": "9730211S",
    "nom": "E.E.PU MONT-LUCAS",
    "commune": "CAYENNE",
    "type": "E.E.PU"
  },
  {
    "uai": "9730042H",
    "nom": "E.E.PU GAETAN HERMINE",
    "commune": "CAYENNE",
    "type": "E.E.PU"
  },
  {
    "uai": "9730189T",
    "nom": "E.M.PU GAETAN HERMINE",
    "commune": "CAYENNE",
    "type": "E.M.PU"
  },
  {
    "uai": "9730043J",
    "nom": "E.P.PU AUGUSTINE DUCHANGE",
    "commune": "ROURA",
    "type": "E.P.PU"
  },
  {
    "uai": "9730227J",
    "nom": "E.P.PU DE CACAO",
    "commune": "ROURA",
    "type": "E.P.PU"
  },
  {
    "uai": "9730417R",
    "nom": "E.M.PU VENDOME",
    "commune": "CAYENNE",
    "type": "E.M.PU"
  }
]
